id,firstname,lastname,faction,position,date, url,speech
"1001030","Bernd","Riexinger","DIE LINKE.","Member of Parliament","2017-12-13T00:00:00.000Z","https://dip21.bundestag.de/dip21/btp/19/19005.pdf","\n\nFrau Präsidentin! Meine Damen und Herren! Ich habe als Gewerkschafter sehr viele Menschen kennengelernt, die jeden Tag zur Arbeit gehen und trotzdem von ihrem Lohn nicht leben können. Deshalb weiß ich, wie es der alleinerziehenden Verkäuferin geht, die ihre Miete in Stuttgart nicht bezahlen kann, oder dem Paketboten, der bei einem Subunternehmer für die DHL beschäftigt ist und mit seiner Familie nicht einmal im Jahr in den Urlaub fahren kann. Das ist unwürdig für eine reiche Gesellschaft.\n\n({0})\n\nDeshalb gilt für uns der Grundsatz: Jeder Mensch in diesem Land muss von seiner Arbeit anständig leben können.\n\n({1})\n\nDas ist mit 8,84 Euro pro Stunde nicht möglich. Der gesetzliche Mindestlohn ist viel zu niedrig und auch im internationalen Vergleich nicht spitze. Irland hat einen gesetzlichen Mindestlohn pro Stunde von 9,25 Euro, die Niederlande von 9,52 Euro, Frankreich von 9,76 Euro und Luxemburg von 11,27 Euro. Ich würde mir wünschen, dass wir einmal nicht nur bei den Exportüberschüssen an der Spitze in Europa stünden, sondern bei den Löhnen und bei den gesetzlichen Mindestlöhnen.\n\n({2})\n\nBei unserem ohnehin schon zu niedrigen Mindestlohn ist es völlig unfassbar, dass 1,8 Millionen Beschäftigte in Deutschland den gesetzlichen Mindestlohn trotz eines klaren gesetzlichen Anspruchs nicht bekommen. In welchem anderen Bereich würde man derart viele Gesetzesverstöße einfach so hinnehmen? Es kann doch nicht sein, dass jeder oder jede Beschäftigte erst vor Gericht gehen müssen, um zu ihrem Recht zu kommen.\n\n({3})\n\nEs wird höchste Zeit, dem Gesetz durch wirkungsvolle Kontrolle und Ahndung Geltung zu verschaffen und dafür zu sorgen, dass die Beschäftigten zu ihrem Recht kommen.\n\n({4})\n\nDeutschland hat einen der größten Niedriglohnsektoren in Europa. Der jetzige gesetzliche Mindestlohn bewahrt nicht vor Armut, selbst wenn er regulär ausgezahlt würde. Vor Altersarmut schützt der derzeitige Mindestlohn erst recht nicht. Wenn Beschäftigte nach 45 Beitragsjahren eine Rente oberhalb des Niveaus der Grundsicherung erhalten wollen, müssten sie mindestens 11,85 Euro pro Stunde verdienen. Wer es beim jetzigen Mindestlohn belässt, nimmt Altersarmut bewusst in Kauf, selbst bei Menschen, die ihr Leben lang in Erwerbsarbeit sind. Das ist eine Schande für ein reiches Land.\n\n({5})\n\nUm das zu verhindern, brauchen wir 12 Euro gesetzlichen Mindestlohn.\n\n({6})\n\nEs gibt aus unserer Sicht keine tragfähigen Argumente dagegen. Nein, die Wirtschaft wird bei einem Mindestlohn von 12 Euro die Stunde nicht zusammenbrechen, genauso wenig, wie sie es bei Einführung des Mindestlohns getan hat. Nein, ein Mindestlohn von 12 Euro wird keine Arbeitsplätze gefährden. Ganz im Gegenteil wird ein gesetzlicher Mindestlohn von 12 Euro die Binnennachfrage stärken und in diesem Land sogar Beschäftigung schaffen.\n\n({7})\n\nDas hat sogar Olaf Scholz verstanden. Er schloss sich unserer Forderung nach einem Mindestlohn von 12 Euro kurz nach der Bundestagswahl medienwirksam an. Ich hoffe, dass Olaf Scholz nicht zu früh nur den Einstieg in die Opposition gewagt hat und jetzt zurückrudern muss.\n\n({8})\n\nWerte Kolleginnen und Kollegen von der Union und der FDP, Sie reden doch immer so viel von den Leistungsträgern in dieser Gesellschaft. Für uns sind die Alten- und Krankenpflegerinnen, die Verkäuferinnen, die vielen Beschäftigten in den Reinigungsdiensten, die Paketboten, die Beschäftigten bei den Bodenverkehrsdiensten an den Flughäfen oder bei Amazon Leistungsträger in dieser Gesellschaft.\n\n({9})"
"1001032","Bernd","Riexinger","DIE LINKE.","Member of Parliament","2017-12-13T00:00:00.000Z","https://dip21.bundestag.de/dip21/btp/19/19005.pdf","\n\nLeistungsträger sind nicht diejenigen, die leistungslos Millionen oder Milliarden an Dividende kassieren. – Unsere Leistungsträger haben das Recht, einen Lohn zu bekommen, von dem sie leben können, und sie haben den Anspruch, im Alter nicht in die Armut zu fallen.\n\nDanke schön.\n\n({0})"
"1005959","Bernd","Riexinger","DIE LINKE.","Member of Parliament","2018-04-25T00:00:00.000Z","https://dip21.bundestag.de/dip21/btp/19/19028.pdf","\n\nVielen Dank, Herr Präsident. – Herr Minister, der Länderbericht der EU-Kommission zur Wirtschaftspolitik der Bundesregierung ist in vielen Punkten nicht gerade schmeichelhaft. So sagt die Kommission, die deutsche Erbschaft- und Schenkungsteuer sorge für den Erhalt der ausgesprochen ungleichen Vermögensverteilung. Teilt die Bundesregierung diese Einschätzung? Was gedenkt sie dagegen zu tun?\n\nAußerdem sagte die Kommission, dass der Niedriglohnbereich in Deutschland ein Problem ist und die Löhne zu gering steigen. Teilt die Regierung diese Einschätzung? Gibt es ein quantifizierbares Ziel, wenn es darum geht, daran etwas zu ändern? Das Wort „Niedriglohn“ kommt im Nationalen Reformprogramm nicht ein einziges Mal vor."
"1009672","Bernd","Riexinger","DIE LINKE.","Member of Parliament","2018-06-28T00:00:00.000Z","https://dip21.bundestag.de/dip21/btp/19/19042.pdf","\n\nSehr geehrte Frau Präsidentin! Meine Damen und Herren! Wer den Antrag der FDP liest, stellt fest, dass sie darin ihre neoliberalen Ladenhüter der letzten Jahre aufwärmt. Mehr ist es nicht.\n\n({0})\n\nDie FDP fordert mehr Wettbewerb im Gesundheitssystem, mehr private Investoren im Bereich der öffentlichen Infrastruktur\n\n({1})\n\nund eine Liberalisierung der Arbeitszeit – alles nicht neu, alles wie gehabt. Das sind die Rezepte der sozialen Kälte aus der Küche von McKinsey und Goldman Sachs.\n\n({2})\n\nDiese Art von Entlastung wird die Mehrheit der Beschäftigten und der Bürgerinnen und Bürger mehr belasten und nicht weniger.\n\n({3})\n\nÜber Jahrzehnte ist nur eine Gruppe wirklich spürbar entlastet worden: die Reichen und Superreichen in diesem Land. Daran will die FDP selbstverständlich nichts ändern. Wir wollen, dass die Bürgerinnen und Bürger entlastet werden, aber auf eine Art und Weise, die für mehr Gerechtigkeit sorgt, die die Lebensverhältnisse der Mehrheit der Menschen in diesem Land verbessert.\n\n({4})\n\nEs ist höchste Zeit, Bürgerinnen und Bürger zu entlasten, indem zum Beispiel die Zuzahlungen in der Krankenversicherung gestrichen werden.\n\n({5})\n\nWir können und wollen auch die Beiträge zur Krankenversicherung senken. Wenn das aber nicht auf Kosten der Pflegekräfte und der medizinischen Versorgung gehen soll, dann muss man schon den Mut haben, die Finanzierung auf eine andere Grundlage zu stellen. Das bedeutet, dass alle in die gesetzliche Versicherung einzahlen: auch Beamte, auch Politiker und auch Selbstständige.\n\n({6})\n\nUnd: Es müssen alle Einnahmen veranlagt werden, auch Mieteinnahmen von Immobilienbesitzern, auch Dividenden von Großaktionären. Das wäre gerecht und das Gegenteil der Klientelpolitik der FDP.\n\n({7})\n\nAuch die Mehrheit der Mieterinnen und Mieter muss dringend entlastet werden. Es kann doch nicht sein, dass bei einer Krankenpflegerin oder einer Erzieherin in Stuttgart oder München 50 oder gar 60 Prozent des Lohnes für die Miete draufgehen.\n\n({8})\n\nDie Mieten sind doch gerade wegen der Deregulierung und der Marktorientierung der Wohnungspolitik durch die Decke geschossen. Deshalb müssen die Mieten gedeckelt und Hunderttausende Sozialwohnungen gebaut werden, in öffentlicher und genossenschaftlicher Hand.\n\n({9})\n\nEs wird höchste Zeit, dass die Bezieher unterer und mittlerer Einkommen entlastet werden. Im Unterschied zu allen anderen Parteien haben wir ein Konzept vorgelegt, nach dem alle Bürgerinnen und Bürger mit weniger als 7 000 Euro Monatseinkommen deutlich entlastet werden würden. Bei uns würden die Busfahrerin, die Verkäuferin, der Facharbeiter und die Sozialarbeiterin zwischen 100 und 250 Euro mehr im Monat herausbekommen. Dafür muss man aber schon den Mut haben, diejenigen, die Hunderttausende oder Millionen Euro verdienen, stärker zu besteuern.\n\n({10})\n\nWir wollen die Bürgerinnen und Bürger entlasten, indem wir ihnen gute Kitas, ordentliche Schulen, gesunde Krankenhäuser und einen gut angebundenen, günstigen Nahverkehr bieten. Die Fahrpreise müssen gesenkt werden.\n\n({11})\n\nBund und Länder müssen deutlich mehr in Bildung, Gesundheit und Infrastruktur investieren, statt sich dem neoliberalen Diktat der schwarzen Null und dem Artenschutz für Superreiche zu beugen. Oder, anders gesagt: Milliardäre und Millionäre müssen endlich höhere Steuern zahlen, damit Altenpflegerinnen und Erzieherinnen besser bezahlt werden können.\n\n({12})\n\nDer Antrag der FDP erfüllt nicht ein einziges dieser Kriterien. Deshalb lehnen wir ihn ab.\n\n({13})"
"1013592","Bernd","Riexinger","DIE LINKE.","Member of Parliament","2018-10-12T00:00:00.000Z","https://dip21.bundestag.de/dip21/btp/19/19056.pdf","\n\nHerr Präsident! Meine Damen und Herren!\n\nDa sind die alten Ehepaare, die sich vor dem Tod des Partners auch deshalb fürchten, weil sie die Wohnung dann nicht mehr halten und eine neue nicht bezahlen können. Da sind die alleinerziehenden Mütter, die sich das Leben kaum mehr leisten können, weil mehr als die Hälfte ihres Einkommens für die Miete draufgeht. Und da sind die Frauen, die vom Frauenhaus zurück zu ihren sie prügelnden Männern ziehen, weil sie keine bezahlbare Wohnung finden.\n\n({0})\n\nSo fassen die Autoren des Projektes „#MeineMiete“ die katastrophale Lage auf dem deutschen Wohnungsmarkt zusammen. Das ist für ein reiches Land eine soziale Katastrophe.\n\n({1})\n\nSo kann es nicht weitergehen. Der Mietenwahnsinn ist längst ein Problem der gesamten Gesellschaft. Rund 40 Prozent der Haushalte in den Großstädten zahlen mehr Miete, als sie sich leisten können. Etwa 1,3 Millionen Haushalten bleibt nach der Mietzahlung weniger als der Hartz-IV-Regelsatz.\n\n({2})\n\nMenschen, die verzweifelt auf der Suche nach bezahlbarem Wohnraum sind, müssen mit ansehen, wie nebenan Häuser aus Spekulationsgründen leerstehen. Es ist ein Akt der Notwehr, wenn sie diese Häuser besetzen.\n\n({3})\n\n– Ja, ich weiß, dass Sie sich mehr darüber empören, dass Menschen auf diesen Missstand aufmerksam machen, als über diejenigen, die mit der Not der Leute Geld machen und spekulieren.\n\n({4})\n\nNatürlich wird das nicht die Probleme am Wohnungsmarkt lösen. Die Mieten steigen, weil zu wenig bezahlbarer Wohnraum gebaut wird.\n\n({5})\n\nEs fehlen 4 Millionen Sozialwohnungen. Die Bundesregierung hofft auf gerade einmal 100 000 Sozialwohnungen in den nächsten drei Jahren. Das ist nicht mehr als ein Tropfen auf den heißen Stein. Wir brauchen jährlich 250 000 zusätzliche Wohnungen mit langfristiger Sozialbindung.\n\n({6})\n\nWir fordern 10 Milliarden Euro jährlich für Bau und Ankauf von Sozialwohnungen – öffentlich, genossenschaftlich und gemeinnützig.\n\n({7})\n\nDie Maßnahmen, die Sie beim Wohngipfel abgefeiert haben, sind völlig ungenügend. Hier liegt Totalversagen der Regierung vor. Sie verfolgt weiter die Ideologie des freien Marktes, wie wir es gerade auch von der FDP gehört haben. Das ist doch schiefgegangen. Schauen Sie sich dagegen Wien an. Dort sind zwei Drittel in genossenschaftlichem und gemeinnützigem Eigentum, und in dieser Weltstadt betragen die durchschnittlichen Mieten 4 Euro pro Quadratmeter. Das sollten wir uns zum Vorbild nehmen.\n\n({8})\n\nDas hat funktioniert. Aber bei Ihnen hat nichts funktioniert.\n\nWir brauchen eine gesetzliche Begrenzung von Mieterhöhungen bzw. einen echten Mietpreisdeckel. Das kann nur ein erster und längst nicht ausreichender Schritt sein; aber das ist doch das Mindeste, was man von diesem Hause erwarten können muss.\n\nDanke schön.\n\n({9})"
"1022961","Bernd","Riexinger","DIE LINKE.","Member of Parliament","2019-04-05T00:00:00.000Z","https://dip21.bundestag.de/dip21/btp/19/19093.pdf","\n\nHerr Präsident! Sehr geehrte Damen und Herren! Bei kaum einem anderen Thema wird das Versagen dieser Bundesregierung so deutlich wie bei der Tarifbindung. Tatenlos sieht die Bundesregierung zu, wie sich Löhne und Arbeitsbedingungen von Millionen Beschäftigten verschlechtern. Tatenlos nimmt sie hin, dass im Westen nur noch 27 Prozent, im Osten sogar nur noch 16 Prozent der Unternehmen an einen Branchentarifvertrag gebunden sind. Tatenlos sieht die Bundesregierung zu, wie sich so die Löhne und Arbeitsbedingungen von Millionen Beschäftigten verschlechtern. Es wird höchste Zeit, dass gehandelt und gegengesteuert wird.\n\n({0})\n\nWenn nichts getan wird, gibt es Millionen Verlierer und wenige Gewinner. Konzerne und Betriebe können weiter die Löhne drücken, die Arbeitsbedingungen verschlechtern und mit Ausgliederungen, Subunternehmen und Werkverträgen ihre Profite hochschrauben. Die Konsequenzen tragen die betroffenen Verkäuferinnen und Pflegekräfte, die Paketboten und Lageristen: Mit Tarifvertrag bekommt man im verarbeitenden Gewerbe im Westen 900 Euro mehr im Monat als ohne Tarifvertrag. Mit Tarifvertrag erhält man in der Gastronomie im Osten 400 Euro mehr im Monat als ohne. Diese Kluft muss dringend überbrückt werden.\n\n({1})\n\nEs muss wieder normal werden, dass die Beschäftigten unter Tarifverträge fallen. Tarifbindung ist kein Luxusgut.\n\n({2})\n\nWer wie Bund, Länder und Kommunen jedes Jahr Aufträge mit einem Gesamtvolumen von 400 Milliarden Euro vergibt, kann doch die Regeln diktieren.\n\n({3})\n\nEs ist völlig unverständlich, dass die öffentliche Hand weiterhin Aufträge vergibt, ohne die Unternehmen zur Tariftreue zu zwingen.\n\n({4})\n\nEs ist ein Skandal, dass der Bund Millionen an Steuergeldern an Unternehmen zahlt, bei denen die Beschäftigten unter miesen Arbeitsbedingungen und zu schlechten Löhnen arbeiten müssen, deren Beschäftigte beim Jobcenter anstehen müssen, um Hartz IV zu beantragen, weil der Lohn zum Leben nicht reicht und sie im Alter nur Armutsrenten bekommen. Das ist doch absurd.\n\n({5})\n\nWir dürfen nicht länger akzeptieren, dass Steuergelder in Millionenhöhe an Unternehmen gehen, die ihren Beschäftigten weniger als den Tarif zahlen. „Tarifverträge sind ein öffentliches Gut“, schreiben CDU, CSU und SPD in ihrem Koalitionsvertrag. Leere Worte sind das, denen bisher überhaupt keine Taten gefolgt sind.\n\n({6})\n\nWer sichere und gute Arbeitsplätze will, wer will, dass die Menschen von ihrer Arbeit gut leben können, der muss die Tarifbindung stärken.\n\n({7})\n\nWir wollen erreichen, dass die Beschäftigten in Deutschland höhere Löhne bekommen und gute Arbeit zur Regel wird. Der Altenpfleger, die Blumenverkäuferin, der Zahntechniker, die Paketbotin – alle Beschäftigten sollen einen tarifvertraglich gesicherten und damit einklagbaren Anspruch haben auf ordentliche Bezahlung, auf geregelte Arbeitszeiten und auf bezahlten Urlaub.\n\n({8})\n\nDafür ist es dringend notwendig, die Tarifbindung flächendeckend zu stärken. Im Einzelhandel zum Beispiel fällt heute gerade noch ein Drittel der Beschäftigten unter den Tarifvertrag. Bis 2001 war er allgemeinverbindlich, und die Tarifbindung lag bei 91 Prozent. Für die Mehrheit der Beschäftigten wird der ohnehin zu geringe Lohn noch weiter gedrückt. Das ist beschämend.\n\n({9})\n\nDeshalb müssen wir dem eigentlich selbstverständlichen Prinzip „Gleicher Lohn für gleiche Arbeit, gleiche Arbeitsbedingungen und gleiche Rechte für alle“ wieder zum Durchbruch verhelfen.\n\n({10})\n\nDafür ist eine zentrale Voraussetzung, dass es künftig einfacher wird, Tarifverträge für allgemeinverbindlich zu erklären. Deshalb fordern wir, dass es eigentlich ausreichen muss, wenn eine Tarifpartei, in der Regel die Gewerkschaft, das beantragt.\n\nLeider wirkt die Tatenlosigkeit der Bundesregierung in die andere Richtung. Noch nie sind so wenige Tarifverträge für allgemeinverbindlich erklärt worden wie im vergangenen Jahr. Deshalb wollen wir in einem ersten Schritt, dass Anträge auf Allgemeinverbindlichkeit nur mit Mehrheit abgelehnt werden können.\n\n({11})\n\nUnd wir wollen, dass der Staat seinen Einfluss als öffentlicher Arbeitgeber nutzt, um Tariftreue zu erzwingen. Es kann doch nicht sein, dass der Staat Tarifflucht auch noch mit Steuergeld belohnt.\n\n({12})\n\nWir wollen, dass der Bund Aufträge nur noch an Unternehmen vergibt, die sich an die Tarifverträge halten.\n\n({13})\n\nUnternehmen, deren Geschäftsmodell auf Lohndumping und schlechten Arbeitsbedingungen basiert, dürfen von der öffentlichen Hand nicht einen einzigen Euro bekommen.\n\n({14})\n\nFür Arbeit, die zum Leben passt, für höhere Löhne und weniger Stress im Job – dafür müssen wir die Tarifbindung stärken.\n\nMeine Fraktion, Die Linke, hat einen Antrag eingebracht, von dem Millionen Beschäftigte in Deutschland profitieren würden. Hören Sie endlich auf mit dieser Schlafmützigkeit, die einzig und allein den Arbeitgebern nutzt. Verbessern Sie die Lebenssituation von Millionen Beschäftigten und ihren Familien, und stimmen Sie diesem Antrag zu.\n\nDanke schön.\n\n({15})"
"1023738","Bernd","Riexinger","DIE LINKE.","Member of Parliament","2019-04-12T00:00:00.000Z","https://dip21.bundestag.de/dip21/btp/19/19096.pdf","\n\nSehr geehrter Herr Präsident! Sehr geehrte Damen und Herren! Nicht der Brexit hat die Europäische Union in eine Krise gestürzt; er ist lediglich der aktuelle Ausdruck dieser Krise, besonders der tiefen sozialen Spaltung. Dafür sind hauptsächlich die Konservativen verantwortlich.\n\n({0})\n\nMeinen britischen Freundinnen und Freunden rufe ich deshalb zu: Let᾽s make sure this year May ends in April! Sorgt dafür, dass im April das politische Ende von Frau May beginnt!\n\n({1})\n\nDie Alternativen, nicht nur zu Frau May, sondern auch zur Politik der Bundesregierung, liegen auf der Hand. Wir brauchen eine Politik, die Europa sozial zusammenführt und nicht auseinandertreibt.\n\n({2})\n\nEs ist an der Zeit, Lohndumping und Schmutzkonkurrenz um immer niedrigere Löhne und Arbeitsstandards zu beenden. Europaweit müssen Mindestlöhne gelten, mit denen die Beschäftigen und ihre Familien über die Runden kommen. Dass Deutschland als wirtschaftlich stärkstes Land bei den Mindestlöhnen im Vergleich zu den wichtigsten Industrieländern im unteren Mittelfeld steht, ist doch beschämend.\n\n({3})\n\nEs verletzt das Gerechtigkeitsgefühl der Menschen, wenn Großkonzerne wie Google, Starbucks oder Amazon weniger Steuern zahlen als Pflegekräfte, Verkäuferinnen oder Facharbeiter. Es braucht in ganz Europa Mindeststeuern für Konzerne, damit Schluss gemacht wird mit Steuerdumping.\n\n({4})\n\nFrankreich geht mit einer Digitalsteuer voran. Wo bleibt eigentlich die Bundesregierung? Google, Apple und Co müssen höhere Steuern bezahlen, damit Pflegekräfte und Erzieherinnen besser bezahlt werden können.\n\n({5})\n\nStatt der verhängnisvollen Sparpolitik und des Kürzens von Sozialleistungen braucht es ein ehrgeiziges europäisches Investitionsprogramm. Statt weiterhin tatenlos zuzuschauen, wie die öffentliche Infrastruktur verrottet, die Misere bei der Bahn größer, der Pflegenotstand Dauerzustand wird und ganze Regionen in Europa deindustrialisiert werden, muss in Bildung, Gesundheit, öffentliche Infrastruktur, in den sozialen Wohnungsbau und in Programme gegen die hohe Jugendarbeitslosigkeit investiert werden.\n\n({6})\n\nMit der kleingeistigen Philosophie der schwarzen Null können weder Deutschland noch die Europäische Union vorangebracht werden. Es ist gerade die deutsche Regierung, die eine Sozialunion verhindert. Die Menschen in Europa brauchen soziale Garantien, soziale Mindeststandards, die sie vor Armut, Erwerbslosigkeit, Unsicherheit und sozialer Ausgrenzung schützen. Es ist jedoch kein Wunder, dass bei einer Bundeskanzlerin, deren ganze Vision von Europa „mehr Wettbewerb“ ist, bei diesen elementaren Zukunftsfragen auf Durchzug geschaltet wird.\n\nBeim Klimaschutz ist es fünf vor zwölf. Um den Planeten zu retten, müssen jetzt europaweit Regeln für saubere Energie durchgesetzt werden. Spätestens 2030 müssen alle Kohlekraftwerke vom Netz und muss die regenerative Energie ausgebaut sein;\n\n({7})\n\nda sind übrigens die streikenden Schüler kompetenter als Herr Lindner. Wir wollen kostenfreien öffentlichen Nahverkehr fördern und die Bahn in ganz Europa ausbauen. Die Bahnpreise müssen sinken.\n\n({8})\n\nDie Europäische Union steht vor einer Richtungsentscheidung. Weder das Weiter-so von Frau Merkel noch der Weg in einen autoritären Kapitalismus der Rechten und Rechtsradikalen bieten einen Ausweg, geschweige denn die Hoffnung auf ein besseres Europa. Wir wollen kein Europa, in dem Wettbewerb, Profit und Konzerninteressen mehr zählen als die Interessen der vielen, die jeden Tag arbeiten gehen, um über die Runden zu kommen.\n\n({9})\n\nWir kämpfen für ein Europa, in dem die Würde, das Leben und die Interessen der Mehrheit der Bevölkerung an erster Stelle stehen.\n\n({10})\n\nEuropa geht nur solidarisch.\n\n({11})"
"1029440","Bernd","Riexinger","DIE LINKE.","Member of Parliament","2019-10-17T00:00:00.000Z","https://dip21.bundestag.de/dip21/btp/19/19118.pdf","\n\nHerr Präsident! Sehr geehrte Damen und Herren! Im vorliegenden Entwurf erklärt die Bundesregierung den Bürokratieabbau – ich zitiere – zum „Schlüsselthema“ und zum „Kernbestandteil der Mittelstandspolitik“. Ist Ihnen das nicht etwas peinlich angesichts der Konjunkturprognose, die Sie heute veröffentlicht haben? Die aktuelle wirtschaftliche Lage betrachten völlig zu Recht viele Beschäftigte mit Sorge.\n\n({0})\n\nDer Stand der Kurzarbeit ist so hoch wie in der Rezession 2012/2013. Jedes achte Unternehmen im verarbeitenden Gewerbe erwartet in den kommenden Monaten Kurzarbeit. Anstatt Bürokratieabbau als Schlüsselthema breitzutreten, sollte die Bundesregierung glaubwürdige und brauchbare Konzepte vorlegen, wie Arbeitsplätze gesichert werden können.\n\n({1})\n\nAbseits der aktuellen konjunkturellen Lage führen Klimakrise, Digitalisierung und globale Handelskonflikte zu großen Umbrüchen in der Wirtschaft. Das deutsche Exportmodell erweist sich als krisenanfällig und kann nicht einfach so fortgesetzt werden. Allein durch die Umstellung auf Elektromobilität sind in der Automobilindustrie rund 100 000 Arbeitsplätze bedroht. Dies betrifft vor allem mittelständische Zulieferer, zum Beispiel die, die heute Teile für Vergaser herstellen, die künftig in Elektroautos nicht mehr gebraucht werden, oder mittelständische Maschinenbauer. Oft haben diese Unternehmen nicht genügend Kapital, neue Produkte zu entwickeln. Ihre Existenz ist bedroht. Viele Beschäftigte fragen sich zu Recht, ob es ihren Arbeitsplatz und ihren Beruf in fünf oder zehn Jahren noch geben wird und was aus ihnen werden soll, wenn dem nicht so ist. Darauf verdienen die Menschen eine Antwort, und es ist nicht akzeptabel, dass die Bundesregierung hier weitgehend konzeptionslos ist.\n\n({2})\n\nDiesen Mittelständlern und ihren Beschäftigten ist weder mit der elektronischen Arbeitsunfähigkeitsmeldung noch mit der Erleichterung bei der Vorhaltung von Datenverarbeitungssystemen für steuerliche Zwecke wirklich geholfen. Hier ist aktive Struktur- und Industriepolitik gefordert.\n\n({3})\n\nWir schlagen zum Beispiel vor, einen Zukunftsfonds einzurichten, der mit 20 Milliarden Euro im Jahr die Transformation gerade der mittelständischen Betriebe ermöglicht. Es geht nämlich um den Erhalt und die Schaffung zukunftsfähiger Arbeitsplätze.\n\n({4})\n\nEs ist an der Zeit, die konjunkturellen Probleme und die strukturellen wirtschaftspolitischen Herausforderungen zusammen anzugehen. Die Bundesregierung muss dringend umsteuern. Der Bund muss mehr in den Ausbau der öffentlichen Infrastruktur investieren, in Bildung, Gesundheit, öffentlichen Personennahverkehr und den Bau von bezahlbaren Wohnungen.\n\n({5})\n\nStatt weiter an dem Dogma der schwarzen Null festzuhalten, muss mit kräftigen Investitionen der Weg zu einer CO2-freien Wirtschaft eingeschlagen werden. Kein Beschäftigter soll sich zwischen Arbeitsplatz und Klimaschutz entscheiden müssen.\n\n({6})\n\nDie Bundesregierung macht den Fehler, abzuwarten, bis sich die konjunkturellen Probleme der vorrangig exportabhängigen Branchen in die gesamte Wirtschaft reingefressen haben. Jetzt muss gehandelt werden. Bringen Sie öffentliche Investitionen auf den Weg für den dringend notwendigen sozial-ökologischen Umbau. Das würde mittelständischen Betrieben, vor allem den Beschäftigten, -"
"1029442","Bernd","Riexinger","DIE LINKE.","Member of Parliament","2019-10-17T00:00:00.000Z","https://dip21.bundestag.de/dip21/btp/19/19118.pdf","\n\n– deutlich mehr helfen als das bisschen Bürokratieabbau, das Sie hier vorgelegt haben.\n\nIch danke für Ihre Aufmerksamkeit.\n\n({0})"
"1034187","Bernd","Riexinger","DIE LINKE.","Member of Parliament","2019-12-18T00:00:00.000Z","https://dip21.bundestag.de/dip21/btp/19/19136.pdf","\n\nSehr geehrte Frau Präsidentin! Sehr geehrte Damen und Herren! Mit diesem Gesetzentwurf will die Bundesregierung die Dauer einer Maßnahme verlängern, die den meisten Mieterinnen und Mietern kaum nutzt. Die sogenannte Mietpreisbremse dämpft den Mietanstieg nur marginal, wenn überhaupt. Was Sie hier vorlegen, wird dem Problem nicht gerecht.\n\n({0})\n\nDie Situation in den Großstädten und Ballungsgebieten ist dramatisch. In den Städten schießen die Mieten durch die Decke. In München, Stuttgart oder Frankfurt muss eine Erzieherin oder ein Verkäufer bereits 40 oder 50 Prozent des Lohnes für die Miete hinlegen. Das ist nicht normal.\n\n({1})\n\nUnd das ist vor allen Dingen unsozial und eine Enteignung der Löhne von Millionen Menschen.\n\n({2})\n\nDie Bundesregierung handelt wie jemand, der zum Hochwasserschutz einen Maschendrahtzaun einsetzt. Statt einen Damm zu bauen, versuchen Sie, die Maschen etwas enger zu knüpfen. Das wird nicht funktionieren.\n\n({3})\n\nDass die Regierung endlich dafür sorgt, dass Vermieter bei den Verstößen gegen das Gesetz die zu viel gezahlte Miete von Beginn an zurückzahlen müssen, ist längst überfällig. Aber dieser kleine Schritt in die richtige Richtung betrifft nur Mietverhältnisse, die nach Inkrafttreten des Gesetzes geschlossen werden.\n\n({4})\n\nWenn die Mietpreisbremse auch nur etwas bewirken soll, muss sie bundesweit und unbefristet und ohne Ausnahmen eingeführt werden.\n\n({5})\n\nIhr Ansatz ist halbherzig, verzagt und weitgehend wirkungslos.\n\n({6})\n\nDie Mieten sind vielerorts heute schon viel zu hoch. Es reicht nicht, den Anstieg zu bremsen: Wir brauchen einen Stopp für Mieterhöhungen. In vielen Städten müssen die Mieten sogar sinken.\n\n({7})\n\nDazu muss bundesweit der Weg für einen Mietendeckel freigemacht werden. Berlin ist hier im Übrigen Vorbild. Dort werden klare Obergrenzen festgelegt, die auch bei Neuvermietung nicht überschritten werden dürfen. Dass Ihnen das ein Dorn im Auge ist, weiß ich.\n\nFür die Linke steht fest: Das Recht auf Wohnen ist ein Menschenrecht.\n\n({8})\n\n– Hören Sie zu! – Deshalb müssen jährlich 250 000 neue Sozialwohnungen geschaffen werden, in öffentlichem und genossenschaftlichem Eigentum.\n\n({9})\n\n– Ach! – Es ist höchste Zeit, dem Geschäftsmodell der großen Immobilienkonzerne einen Riegel vorzuschieben. Deren Motto „Wohnungen kaufen, Mieter auspressen, kaum neue Wohnungen bauen, Aktionäre bedienen und dann verbrannte Erde hinterlassen“ darf nicht länger akzeptiert werden.\n\n({10})\n\n– Im Unterschied zu Ihnen haben wir ein Konzept.\n\n({11})\n\nUnser Konzept ist klar: Mieten deckeln, Sozialwohnungen bauen. Die Spekulation mit Wohnraum muss beendet werden.\n\n({12})"
"1040666","Bernd","Riexinger","DIE LINKE.","Member of Parliament","2020-05-14T00:00:00.000Z","https://dip21.bundestag.de/dip21/btp/19/19160.pdf","\n\nHerr Präsident! Sehr geehrte Damen und Herren! Wir erleben den größten wirtschaftlichen Einbruch der letzten Jahrzehnte. Bereits jetzt sind die sozialen Kosten hoch. Millionen Menschen haben Lohneinbußen, vor allem die, die ohnehin am wenigsten verdienen. Viele bangen um ihre Arbeitsplätze oder fürchten um ihre Existenz, während andere immer noch Dividenden in Milliardenhöhe kassieren.\n\nWir dürfen uns nicht die Illusion machen, dass auf den Einbruch der schnelle Aufschwung folgen wird. Wenn wir Beschäftigung sichern, das finanzielle Ausbluten der Kommunen verhindern wollen, wenn wir Betriebsschließungen und Massenentlassungen vermeiden wollen, brauchen wir schnell ein anspruchsvolles Investitionsprogramm.\n\n({0})\n\nIch verstehe nicht, warum dafür nicht längst Pläne ausgearbeitet und öffentlich diskutiert werden.\n\n({1})\n\nStattdessen wird gezögert, gezaudert oder von der CDU sogar gebremst.\n\n({2})\n\n– Ja, Sie bremsen: Ihr Fraktionsvorsitzender. – Wir brauchen aber dringend einen Schutzschirm für die Kommunen, denen die Einnahmen wegbrechen.\n\nEs ist katastrophal, wenn jetzt öffentliche Investitionen zurückgefahren oder Ausschreibungen zurückgezogen werden. 36 Milliarden Euro in diesem Jahr und 25 Milliarden Euro im nächsten für die Kommunen ist an der richtigen Stelle investiertes Geld:\n\n({3})\n\nfür längst fällige Investitionen in Schulen, Kitas und für den Aufbau der Infrastruktur. Es ist inzwischen hoffentlich auch in diesem Haus den meisten klar geworden, dass es falsch war, Krankenhäuser zu schließen, zu privatisieren und den Pflegenotstand herbeizusparen. Deshalb beantragen wir, dass der Bund 10 Milliarden Euro pro Jahr in Krankenhäuser und Pflegeeinrichtungen investiert, für mehr Personal, bessere Bezahlung, bessere Arbeitsbedingungen. Loben und Klatschen reichen nicht mehr aus.\n\n({4})\n\nAber das Falscheste wäre es, nach der Krise einfach wieder den alten Zustand herstellen zu wollen, so, als gäbe es keine Klimakrise, keine Armut, keine Niedriglöhne, kein Auseinanderklaffen von Arm und Reich und keinen Notstand an bezahlbaren Wohnungen. „Krise“ heißt auch: Wendepunkt. Wir brauchen dringend eine Richtungsänderung hin zu sozialer Gerechtigkeit, zu nachhaltigem, emissionsfreiem Wirtschaften, zu gerechter Verteilung des gesellschaftlichen Reichtums.\n\n({5})\n\nWir brauchen einen sozialökologischen Systemwechsel, einen linken Green New Deal, der die Menschen nicht vor die Entscheidung stellt: Verliere ich meinen Arbeitsplatz, oder verlieren meine Kinder ihre Zukunft?\n\n({6})\n\nDeshalb wollen wir eine nachhaltige Verkehrswende, den Ausbau des öffentlichen Personennahverkehrs, der Bahn, der Fahrradwege, für Klimaschutz und sichere Arbeitsplätze. Wir brauchen einen Industriefonds, der die sozialökologische Transformation unterstützt.\n\n({7})\n\nKurzum: Wir wollen ein Investitionsprogramm, das sozial, nachhaltig und gerecht ist. Was wir nicht brauchen, sind staatliche Hilfen für Konzerne, die Dividende auszahlen.\n\n({8})\n\nWas wir nicht brauchen, sind Hilfen für Unternehmen, die keine Tarifverträge kennen, Arbeitsplätze abbauen und die Mitbestimmung mit Füßen treten. Das brauchen wir nicht.\n\n({9})\n\nKeine Frage: Dieses ambitionierte und mutige Investitionsprogramm kostet Geld. Doch wer jetzt an Investitionen spart, wird das später teuer bezahlen. Und wäre es nicht höchste Zeit, dass endlich einmal die zur Finanzierung herangezogen werden, die die letzten Jahrzehnte unermesslichen Reichtum angehäuft haben?\n\n({10})"
"1040668","Bernd","Riexinger","DIE LINKE.","Member of Parliament","2020-05-14T00:00:00.000Z","https://dip21.bundestag.de/dip21/btp/19/19160.pdf","\n\nFür viele von Ihnen ist das unvorstellbar radikal, für uns ist das eine Selbstverständlichkeit.\n\nVielen Dank.\n\n({0})"
"1041867","Bernd","Riexinger","DIE LINKE.","Member of Parliament","2020-05-29T00:00:00.000Z","https://dip21.bundestag.de/dip21/btp/19/19164.pdf","\n\nSehr geehrter Herr Präsident! Sehr geehrte Damen und Herren! Wenn wir Massenentlassungen verhindern, Arbeitsplätze erhalten und Beschäftigung sichern wollen, brauchen wir dringend ein anspruchsvolles Investitionsprogramm.\n\n({0})\n\nWenn wir die Klimakatastrophe aufhalten und ein neues Wohlstandsmodell schaffen wollen, brauchen wir einen grundsätzlichen Richtungswechsel:\n\n({1})\n\nhin zu sozialer Gerechtigkeit, hin zu einer nachhaltigen, emissionsfreien Wirtschaft.\n\n({2})\n\nSteuersenkungen, die Abschaffung des Solis für die einkommensstärksten 10 Prozent\n\n({3})\n\noder gar die Senkung des Mindestlohns, wie wir es von einigen Unionsvertretern hören, sind der falsche Weg.\n\n({4})\n\nIn einer Zeit, in der die Nachfrage weltweit eingebrochen ist, Löhne zu senken, ist nicht nur unsozial, sondern ökonomisches Harakiri.\n\n({5})\n\nDie Mindestlöhne sind bei uns nicht zu hoch, sondern deutlich zu niedrig.\n\n({6})\n\nMilliarden an Unternehmen geben, die das Klima schädigen, Arbeitsplätze vernichten, Dividenden an die Aktionäre auszahlen oder die Mitbestimmung mit Füßen treten, kommt für uns nicht infrage.\n\n({7})\n\nDeshalb ist das Verhandlungsergebnis bei der Lufthansa ein schlechtes Vorbild. Staatshilfen in Höhe des doppelten Börsenwertes zu gewähren, ohne klare Bedingungen für Beschäftigungssicherung und Klimaschutz zu stellen, ist ja wohl ein schlechter Witz.\n\n({8})\n\nEin Investitionsprogramm muss deshalb in eine andere Richtung gehen. Der Antrag der Grünen liefert dafür übrigens eine ordentliche Grundlage.\n\n({9})\n\nDass wir viel mehr Geld in unser Gesundheitswesen und in die Altenpflege stecken müssen, ist in der Coronakrise doch mehr als deutlich geworden. Wir brauchen dringend mehr Personal, bessere Bezahlung und bessere Arbeitsbedingungen. Dem Beifallklatschen müssen endlich Taten folgen.\n\n({10})\n\nDie Beschäftigten haben kein Verständnis mehr, dass nichts passiert.\n\n({11})\n\nKrankenhäuser gehören in öffentliche Hand. Profit, Markt und Wettbewerb haben dort nichts verloren.\n\n({12})\n\nAlso Schluss mit den Fallpauschalen! Die Rekommunalisierung von Krankenhäusern ist längst überfällig.\n\nIn diesem Bereich ist der Antrag der Grünen übrigens ziemlich schwach auf der Brust. Wenn nicht schnell ein Schutzschirm für die Kommunen aufgestellt wird, droht ein Desaster: Ausschreibungen werden zurückgezogen, und die längst fälligen Investitionen in Schulen, Kitas und den Ausbau der Infrastruktur bleiben aus. Es können doch alle live verfolgen, wie groß der Sanierungsstau in den Schulen, der Personalmangel in den Kitas oder in den Bau- und Planungsämtern ist. Da muss dringend Abhilfe geschaffen werden!\n\n({13})\n\nEin Schlüssel für wirkungsvolleren Klimaschutz ist eine sozial gerechte Verkehrswende. Bereits heute würden viele Menschen umsteigen,\n\n({14})\n\nwenn es zuverlässige und günstige Alternativen gäbe. In den Ausbau des ÖPNV, der Bahn, der Fahrradwege muss dringend investiert werden,\n\n({15})\n\nund die Preise müssen gesenkt werden, perspektivisch muss der ÖPNV kostenfrei werden.\n\n({16})\n\nWer ernsthaft Finanzhilfen für die Bahn mit Einsparungen beim Personal verbindet, der hat den Schuss nicht gehört. Die Bahn braucht dringend mehr Personal, nicht weniger. Die Zeit ist reif.\n\n({17})\n\n– Sie haben doch gar nichts zu sagen – ehrlich gesagt, das hat man doch jetzt gehört – zu diesen Themen. Das ändert man auch nicht durch Zwischenrufe.\n\nDie Zeit ist reif für einen sozial-ökologischen Umbau der Wirtschaft. Wir wollen Automobilkonzerne und Zulieferbetriebe umbauen zu Mobilitätsunternehmen, die einen Beitrag zur Rettung des Klimas leisten.\n\n({18})\n\nDas schützt Arbeitsplätze und Klima. Es greift zu kurz, nur auf die Elektromotorisierung zu setzen. Die Zukunft der Automobilindustrie liegt zwar auch in der CO2-neutralen Produktion von E-Autos,\n\n({19})\n\naber eben auch verstärkt in der Produktion von Bussen, Straßenbahnen, Zügen und digitalisierter Verkehrssteuerung.\n\n({20})\n\nEs ist deshalb völlig richtig, wenn Sie sagen, dass fossile Verbrenner nicht gefördert werden dürfen.\n\n({21})\n\nEs erscheint mir aber, dass Sie da noch Klärungsbedarf mit Ihrem Ministerpräsidenten in meinem Bundesland Baden-Württemberg haben.\n\n({22})\n\nDer fordert unverdrossen Abwrackprämien für Diesel und Benziner. Das nutzt übrigens auch den Beschäftigten herzlich wenig. Das ist Strohfeuerpolitik und hat mit Nachhaltigkeit nichts zu tun.\n\n({23})\n\nWir können die Lebensqualität der Mehrheit der Bevölkerung verbessern, durch Investitionen in Krankenhäuser und Altenheime, in Kitas und Schulen, durch mehr bezahlbaren Wohnraum in öffentlichem Eigentum. Wir können auch durch ein gutes Investitionsprogramm das Klima schützen und sinnvolle und sichere Arbeit fördern.\n\n({24})\n\nDie himmelschreiende Ungleichheit bei Löhnen und Arbeitszeiten, die sich in den letzten Jahren entwickelt hat,\n\n({25})\n\nmuss dabei auch überwunden werden.\n\n({26})\n\nEines muss ich noch sagen: Bei der Finanzierung sind Sie von den Grünen wirklich schwach auf der Brust; da hätte ich mehr erwartet. Es müssen doch endlich einmal die Reichen und Vermögenden zur Finanzierung herangezogen werden.\n\n({27})\n\nWir brauchen eine Vermögensabgabe."
"1041869","Bernd","Riexinger","DIE LINKE.","Member of Parliament","2020-05-29T00:00:00.000Z","https://dip21.bundestag.de/dip21/btp/19/19164.pdf","\n\nWir brauchen den Einstieg in eine Vermögensteuer. Wer dazu nicht den Mut hat, wird kaum den nötigen sozial-ökologischen Wechsel herbeiführen können. Wir haben den Mut dazu.\n\n({0})"
"1057530","Bernd","Riexinger","DIE LINKE.","Member of Parliament","2021-03-25T00:00:00.000Z","https://dip21.bundestag.de/dip21/btp/19/19218.pdf","\n\nSehr geehrte Präsidentin! Meine Damen und Herren! Es ist höchste Zeit, die betriebliche Mitbestimmung zu erweitern.\n\n({0})\n\nSeit Jahrzehnten wird die Mitbestimmung ausgehöhlt und damit die innerbetriebliche Demokratie geschwächt. Es kann kein Zweifel bestehen, dass Outsourcing, die Zunahme der Leiharbeit, die Zunahme der Werkverträge, die im Übrigen nichts anderes als organisierte Tarifflucht sind, die Rolle der Betriebsräte geschwächt haben. Ich finde, dass man dieser Schwächung der Betriebsräte viel zu lange zugesehen hat.\n\n({1})\n\nAktuell erleben wir besonders in der Automobil- und Zuliefererindustrie, wie Zehntausende von Arbeitsplätzen durch radikale Kosteneinsparungsprogramme, durch Schließung und Verlagerung von Standorten vernichtet werden. Daimler, Schaeffler, Bosch, Mahle Behr, Mann+Hummel sind nur die bekanntesten Beispiele. Dabei haben diese Maßnahmen häufig gar nichts mit Corona und auch nichts mit der anstehenden Transformation zu tun. Die Manager nutzen die Gunst der Stunde, um zulasten der Belegschaften Kosten zu sparen und die Rendite hochzuhalten. Dem wollen wir nicht länger zuschauen.\n\n({2})\n\nIch habe keinerlei Verständnis dafür, dass Standorte, die von den Belegschaften über Jahrzehnte aufgebaut wurden, von den Managern mit einem Federstrich geschlossen werden können. Genauso wenig Verständnis habe ich übrigens dafür, dass staatliche Hilfen an keinerlei Bedingungen zur Arbeitsplatzsicherheit und zum Klimaschutz geknüpft werden.\n\n({3})\n\nTrotz staatlicher Hilfen werden Dividenden ausgeschüttet, werden ganze Standorte geschlossen und Massenentlassungen vollzogen. Das ist das Gegenteil von einem solidarischen Weg aus der Krise.\n\n({4})\n\nAber das eigentliche Trauerspiel ist, dass alle diese Maßnahmen über die Köpfe der Belegschaften und ihrer Interessenvertretungen hinweg erfolgen. Mehr noch: Betriebsräte werden häufig erpresst, indem Investitionen an Zugeständnisse bei Löhnen und Arbeitsbedingungen geknüpft werden. Hier wird eine Situation schamlos ausgenutzt, liebe Kolleginnen und Kollegen. Dem wollen wir nicht länger tatenlos zuschauen. Es ist Zeit für echte Mitbestimmung bei Betriebsänderungen, Standortverlagerungen, Entlassungen und massivem Stellenabbau.\n\n({5})\n\nLiebe Kolleginnen und Kollegen von der SPD, was ist eigentlich mit euch? War nicht Mitbestimmung und Belegschaftsbeteiligung einmal euer Kernthema?\n\n({6})\n\n– Genau. Es wird Zeit, dass ihr das wieder entdeckt. Entdeckt dieses Thema!\n\n({7})\n\nEs gibt aber noch einen weiteren Grund für die Erweiterung der Mitbestimmung: die anstehende Transformation und Digitalisierung. Wer will, dass dieser Prozess nicht auf dem Rücken der Belegschaften ausgetragen wird, muss sicherstellen, dass sie mitentscheiden und mitbestimmen können,\n\n({8})\n\nund zwar keine Pseudobeteiligung durch unverbindliche Workshops, sondern gesetzlich garantierte Mitbestimmung.\n\n({9})\n\nDas gilt erst recht für den sozialökologischen Umbau: Wer Klimaschutz und die Sicherheit und Zukunftsfähigkeit der Arbeitsplätze zusammenbringen will, muss die Beschäftigten beteiligen und die Mitbestimmung erweitern. Dafür ist es höchste Zeit.\n\n({10})"
"1068694","Bernd","Riexinger","DIE LINKE.","Member of Parliament","2022-03-22T00:00:00.000Z","https://dip21.bundestag.de/dip21/btp/20/20023.pdf","\n\nFrau Präsidentin! Meine Damen und Herren! Ohne eine nachhaltige Mobilitätswende, die diesen Namen auch verdient, wird es nichts mit der Einhaltung der Klimaziele.\n\n({0})\n\nDer Auto- und Lkw-Verkehr ist ein zentraler Bereich, in dem sich die CO2-Emissionen nicht reduziert haben. Das ist unverantwortlich und muss sich schnell ändern.\n\n({1})\n\nIch habe jedoch erhebliche Zweifel, dass das der Ampel gelingt. Eine Antriebswende ist noch lange keine nachhaltige Mobilitätswende. Dafür brauchen wir Städte und Kommunen der kurzen Wege, großzügigen Ausbau der Fahrradwege, massive Investitionen in den öffentlichen Personennahverkehr in Stadt und Land.\n\n({2})\n\nDer Güterverkehr muss dringend auf die Schiene verlagert werden. All das wäre im Übrigen auch noch sozial, wenn die Ticketpreise massiv reduziert oder wenn es stufenweise kostenfrei würde. Dafür fehlen Ihnen aber offensichtlich der Mut und auch der politische Wille.\n\n({3})\n\nWie anders ist ein sinkender Verkehrsetat sonst zu erklären? Das Mindeste wäre es doch, die Summe der auslaufenden Coronaunterstützung auf den Etat draufzuschlagen.\n\n({4})\n\nDass die Ampel mehr Geld in die Bundesfernstraßen – das ist die Wahrheit – als in die Bundesschienenwege steckt, ist absurd.\n\n({5})\n\nEs müsste eigentlich völlig klar sein, dass die Kommunen gewaltige Investitionsmittel benötigen, um den ÖPNV auszubauen, ihn attraktiver und preisgünstiger zu machen. Gerade jetzt, bei den hohen Spritpreisen, die Ticketpreise zu halbieren, wäre das richtige Signal anstatt der völlig verkorksten Tankstellenprämie von Herrn Lindner.\n\n({6})\n\nWir könnten bei der Verdoppelung des ÖPNV noch Hundertausende Arbeitsplätze im industriellen Bereich schaffen – nachhaltige, soziale und sichere Arbeitsplätze.\n\nDas ist unsere Konzeption, meine Damen und Herren.\n\n({7})"
"1071558","Bernd","Riexinger","DIE LINKE.","Member of Parliament","2022-05-12T00:00:00.000Z","https://dip21.bundestag.de/dip21/btp/20/20034.pdf","\n\nHerr Präsident! Sehr geehrte Damen und Herren! Das 9‑Euro-Ticket ist ein Schritt in die richtige Richtung. Die Begrenzung auf drei Monate, dazu noch in der Ferienzeit, ist jedoch mutlos und halbherzig.\n\n({0})\n\nDafür haben wir aber keine Zeit mehr, wenn wir die Klimakatastrophe verhindern wollen. Das 1,5-Grad-Ziel scheint schon bald gerissen zu werden.\n\nEin zentraler Beitrag, das abzuwenden, ist eine nachhaltige Verkehrswende. Das Konzept dafür ist längst klar: gute Mobilität für alle, aber weniger Pkw- und Lkw-Verkehr, sprich: massiver Ausbau der Bahn und des ÖPNV, damit möglichst viele Menschen umsteigen können, Kinder und Jugendliche mit nachhaltiger Mobilität aufwachsen. Milliardenschwere Kaufprämien für Käufer teurer und PS-starker E-Autos sind das Gegenteil von sozial und klimagerecht.\n\n({1})\n\nAngesichts der bedrohlichen Lage müsste die Devise doch klar sein: Kräftig in den ÖPNV investieren, Ticketpreise senken, die Kommunen so ausstatten, dass sie eine wirkliche Verkehrswende stemmen können!\n\nIch verstehe auch nicht, warum die Grünen die halbherzigen Maßnahmen des Verkehrsministeriums nahezu kritiklos hinnehmen, anstatt auf einen größeren Wurf zu drängen. Bei der militärischen Aufrüstung ist diese Zurückhaltung leider nicht zu spüren. Schade eigentlich!\n\n({2})\n\nWir wollen das 9‑Euro-Ticket bis 31. Dezember 2022 verlängern, damit eine wirkliche Evaluation möglich ist. Vor allen Dingen sollte in dieser Zeit ein vernünftiges und angemessenes Finanzierungskonzept für eine wirkliche Mobilitätswende mit guten Arbeitsbedingungen für die Beschäftigten vorgelegt werden.\n\n({3})\n\nEs wäre ein schlechter Witz, wenn die Benutzer öffentlicher Verkehrsmittel nach Auslaufen des 9‑Euro-Tickets mit steigenden Ticketpreisen rechnen müssen. Machen Sie endlich Nägel mit Köpfen!\n\nDanke schön.\n\n({4})"
"1072567","Bernd","Riexinger","DIE LINKE.","Member of Parliament","2022-05-19T00:00:00.000Z","https://dip21.bundestag.de/dip21/btp/20/20037.pdf","\n\nFrau Präsidentin! Sehr geehrte Damen und Herren! Der Antrag der CDU/CSU geht an der Realität vorbei. Wir haben kein Nachfrageproblem bei Elektro- oder Hybridautos, sondern einen Mangel an Angeboten vor allem von kleineren und preiswerten Autos. Den Verkauf relativ teurer und PS-starker Autos zu fördern, hilft vielleicht den Aktionären der Automobilkonzerne und den Käuferschichten, die es nicht benötigen; es hilft aber nicht dem Klima und nicht denen, die dringend Förderung brauchen.\n\n({0})\n\nDiesen Antrag jedoch unter die Überschrift „Nachhaltige Mobilität“ zu stellen, ist ein schlechter Witz. Wie oft muss es noch gesagt werden? Nachhaltige Mobilität heißt: Städte und Kommunen der kurzen Wege, Ausbau des ÖPNV und der Bahn, günstige Ticketpreise, weniger Pkw- und Lkw-Verkehr.\n\nSollte es der Union in erster Linie gar nicht um die Käufer, sondern um die Umsätze der Automobilkonzerne und Zulieferer und vielleicht sogar um Arbeitsplätze gehen, ist der Antrag ebenfalls wenig hilfreich. Die großen Automobilkonzerne machen gerade Rekordgewinne. Ihre Strategie, besonders im Premiumbereich immer noch größere und teurere Autos zu bauen – jetzt eben mit Elektromotor – und die vermeintlich weltweit wachsenden einkommensstarken Mittel- und Oberschichten zu bedienen, sichert zwar hohe Profite, aber keinesfalls längerfristig die Arbeitsplätze – von wirklichem Klimaschutz ganz zu schweigen.\n\nSchon heute werden massenhaft Arbeitsplätze abgebaut. Dabei trifft es am härtesten die Zulieferer. Ich wohne in einer Automobilregion. Namhafte Zulieferer haben ihre Produktionsstandorte bereits nach Osteuropa verlagert und Tausende von Arbeitsplätzen vernichtet. Ich habe übrigens noch nie einen Bundes- oder Landespolitiker der CDU bei den Kundgebungen der IG Metall gesehen.\n\n({1})\n\nVielleicht wäre das höchste Zeit.\n\n({2})\n\nWer ernsthaft etwas gegen die Vernichtung von Arbeitsplätzen tun will, der darf nicht die Falschen subventionieren, sondern muss staatliche Gelder grundsätzlich an den Erhalt von Arbeitsplätzen und Standorten knüpfen\n\n({3})\n\nund die betriebliche Mitbestimmung erweitern. Allein die Elektromotorisierung wird bis zu 200 000 Arbeitsplätze kosten. Deshalb müssen nicht nur bestehende Arbeitsplätze geschützt, sondern neue geschaffen werden. Die Verdoppelung beim ÖPNV und der Bahn würde im Übrigen 400 000 zusätzliche Arbeitsplätze im industriellen Bereich schaffen.\n\nMachen wir endlich eine Verkehrs- und Industriepolitik, die zukunftsorientiert ist, unter Beteiligung von Belegschaften, Gewerkschaften und Betriebsräten, eine Politik, die Klimaschutz und Arbeitsplatzsicherheit zusammenbringt!\n\nDafür stehen wir.\n\n({4})"
"1072658","Bernd","Riexinger","DIE LINKE.","Member of Parliament","2022-05-19T00:00:00.000Z","https://dip21.bundestag.de/dip21/btp/20/20037.pdf","\n\nSehr geehrte Präsidentin! Sehr geehrte Damen und Herren! Wenn die Regionalisierungsmittel nicht deutlich erhöht werden, wird es nichts mit der Mobilitätswende. Wie sollen denn die Kommunen die Coronaausfälle kompensieren, den ÖPNV ausbauen und niedrigere Ticketpreise finanzieren, wenn sie nicht genügend Geld bekommen? Angesichts der Dramatik der Klimakrise ist zu wenig Geld die teuerste Variante.\n\n({0})\n\nDass AfD und Union das 9‑Euro-Ticket ablehnen, spricht Bände. Sie wollen nicht nur den Menschen, die auf den ÖPNV angewiesen sind, die dringend nötige Entlastung verweigern; das ist nicht sozial. Sie wollen auch die Chancen verbauen, dass mehr Menschen umsteigen, und das ist nicht klimagerecht.\n\n({1})\n\nDie Regierung geht einen Schritt in die richtige Richtung. Dann verlässt sie aber gleich der Mut. Schon für die klare Übernahme der Kosten des 9‑Euro-Tickets reicht es nicht.\n\n({2})\n\nLieber gefährden Sie das ganze Projekt im Streit mit den Ländern auf den letzten Metern. Zudem: Zusätzliche Mittel für den ÖPNV – Fehlanzeige! Eine vernünftige Perspektive nach Auslaufen des 9‑Euro-Tickets – Fehlanzeige! Drei Monate sind einfach zu wenig.\n\n({3})\n\nGenauso wichtig ist jedoch, dafür zu sorgen, dass danach die Ticketpreise nicht explodieren und alle positiven Effekte wieder kaputtgemacht werden. Dafür müssen die Mittel erhöht werden. Außerdem brauchen wir endlich ein klares Mobilitätsversprechen. Der ÖPNV und die Bahn müssen so ausgebaut werden, dass jeder und jede auch im ländlichen Bereich bequem und kostengünstig von A nach B kommt, auch ohne eigenes Auto. Dafür müssen Sie klotzen und nicht kleckern.\n\n({4})\n\nWir werden dem Gesetzentwurf der Koalition heute zustimmen; aber Sie müssen endlich zu Potte kommen – für eine nachhaltige Mobilitätswende, die diesen Namen auch verdient.\n\nDanke schön.\n\n({5})"
"1075288","Bernd","Riexinger","DIE LINKE.","Member of Parliament","2022-07-07T00:00:00.000Z","https://dip21.bundestag.de/dip21/btp/20/20047.pdf","\n\nSehr geehrte Frau Präsidentin! Sehr geehrte Damen und Herren! Der Antrag der Union ist überflüssig, falsch und aus der Zeit gefallen.\n\n({0})\n\nDie Entscheidung für Elektromobilität ist längst getroffen. Die Behauptung, dass mit synthetischen Kraftstoffen die Mobilität für alle bezahlbar wird, Klimaschutzziele erreicht oder Arbeitsplätze gesichert werden, hat mit der Realität nichts zu tun. Für synthetische Kraftstoffe wird ein Mehrfaches an Energie benötigt als bei batterieelektrischer Mobilität – Energie, die wir nicht haben. Auch fortschrittliche Biokraftstoffe sind keine flächendeckende Alternative. Synthetische Kraftstoffe sowie fortschrittliche Biokraftstoffe sind allein schon wegen ihrer Knappheit kein Beitrag für bezahlbare Mobilität.\n\n({1})\n\nDie Union versteht vor allem nichts von der dringend notwendigen nachhaltigen Mobilitätswende. Stattdessen verkürzen Sie die Debatte auf die Antriebswende und wollen den Lebenszyklus des Verbrenners verlängern. Ich sage es noch einmal: „Mobilität der Zukunft“ heißt: Städte und Kommunen der kurzen Wege, Ausbau des ÖPNV und der Bahn, günstige Ticketpreise, weniger Pkw- und Lkw-Verkehr.\n\n({2})\n\nStattdessen machen Sie Stimmung gegen das 9‑Euro-Ticket. Wir brauchen aber dauerhaft niedrige Fahrpreise, damit viele umsteigen. Das ist die richtige Antwort.\n\n({3})\n\nWer so krampfhaft das Bestehende fortsetzen will, sichert auch keine Arbeitsplätze. Schon heute werden massenhaft Arbeitsplätze abgebaut,\n\n({4})\n\ntrotz Rekordgewinnen der großen Automobilkonzerne. Dabei trifft es am härtesten die Zulieferer. Ich wohne in einer Automobilregion. Namhafte Zulieferer haben ihre Produktionsstandorte bereits nach Osteuropa verlagert und Tausende von Arbeitsplätzen vernichtet. Da hätte ich auch gerne jemanden von der CDU vor den Werktoren gesehen.\n\n({5})\n\nMüsste das Desaster an den Flughäfen nicht zu der Erkenntnis führen, dass staatliche Gelder nicht zur Arbeitsplatzvernichtung genutzt werden dürfen,\n\n({6})\n\nsondern, im Gegenteil, an die Bedingung des Erhalts von Arbeitsplätzen und Standorten geknüpft werden müssen? Alles andere ist doch absurd.\n\n({7})\n\nAllein die Elektromotorisierung wird bis zu 200 000 Arbeitsplätze kosten. Deshalb reicht es eben nicht, bestehende Arbeitsplätze zu schützen. Es müssen neue geschaffen werden. Die Verdoppelung des ÖPNV und der Ausbau der Bahn würden bis zu 400 000 neue Arbeitsplätze im industriellen Bereich schaffen. Das wäre im Übrigen zukunftsorientiert.\n\n({8})\n\nDie Gewerkschaften, die Belegschaften, die Betriebsräte müssen daran beteiligt werden, damit gute Arbeit und wirksamer Klimaschutz gleichermaßen vorangetrieben werden können.\n\nIhr Antrag leistet dazu keinen Beitrag. Deshalb lehnen wir ihn ab.\n\n({9})"
"1075916","Bernd","Riexinger","DIE LINKE.","Member of Parliament","2022-09-06T00:00:00.000Z","https://dip21.bundestag.de/dip21/btp/20/20049.pdf","\n\nHerr Präsident! Sehr geehrte Damen und Herren! Die Regierung hat es nicht geschafft, das Auslaufen des 9‑Euro-Tickets zu verhindern und eine direkte Nachfolgeregelung auf den Weg zu bringen.\n\n({0})\n\nDas, was Sie die letzten Monate dazu abgeliefert haben, ist einfach nichts.\n\n({1})\n\nEine große Chance wurde vertan.\n\n({2})\n\nUnd was Sie jetzt vorlegen, ist mut- und kraftlos.\n\nMich ärgert der Umgang mit unseren Anträgen unsäglich. Wir haben rechtzeitig im Verkehrsausschuss, im Bundestag Anträge zur Verlängerung des 9‑Euro-Tickets gestellt, um Zeit für eine durchdachte Nachfolgeregelung zu finden. Wir haben zugleich Vorschläge gemacht für ein 1-Euro-Ticket am Tag, ein 30-Euro-Ticket im Monat oder ein 365-Euro-Ticket im Jahr. Ohne ernstzunehmende Debatte und ohne Begründung wurde das abgelehnt. Als das 9‑Euro-Ticket im Sommer immer populärer wurde, forderten SPD und Grüne auf einmal eine Nachfolgeregelung – die Grünen mit den nahezu deckungsgleichen Vorstellungen, die sie vorher im Parlament, als meine Partei sie beantragt hatte, abgelehnt hatten. Die Grünen sind in der Kunst der öffentlichen Inszenierung guter, also unserer, Vorschläge bekanntlich Meister. Liebe Grüne, ihr seid nicht in der Opposition, sondern in der Regierung, und ihr hättet die Sommerzeit nutzen können, eure Koalitionspartner von unseren oder von mir aus auch von euren guten Vorschlägen zu überzeugen. Das habt ihr offensichtlich nicht getan.\n\n({3})\n\nDer jetzt vorliegende Kompromiss mit einer Spanne von 49 bis 69 Euro ist zu teuer, zu weit weg vom 9‑Euro-Ticket und untergräbt dessen Erfolg. 52 Millionen verkaufte Tickets! Jeder Zehnte hat das Auto stehen lassen. 1,8 Millionen Tonnen CO2 wurden eingespart, und Sie lassen einen solchen Elfmeter einfach liegen und schießen lieber ein Eigentor. Ich kann es nicht verstehen. 100 Städte und Kommunen in Europa haben bereits einen ticketfreien öffentlichen Personennahverkehr, darunter Luxemburg. Städte wie Wien haben bereits seit Jahren ein 365-Euro-Ticket. Die spanische Regierung hat jetzt eine Übergewinnsteuer beschlossen und mit den zusätzlichen Einnahmen die Nutzung des Regionalverkehrs kostenfrei gestellt. Bevor unsere Regierung eine so einfache Regelung beschließt, dreht Wirtschafts- und Klimaminister Habeck lieber weitere 25 rhetorische Pirouetten und erklärt unter sichtbaren Schmerzen, dass es gerecht ist, wenn die gestiegenen Kosten auf die Mehrheit der Bevölkerung abgewälzt werden. Hier wäre doch mal eine Chance gewesen, wirklichen Klimaschutz durchzusetzen und darüber hinaus noch eine soziale Regelung zu treffen.\n\n({4})\n\nBeste Ideen vermurkst man nicht, sondern setzt sie um."
"1075918","Bernd","Riexinger","DIE LINKE.","Member of Parliament","2022-09-06T00:00:00.000Z","https://dip21.bundestag.de/dip21/btp/20/20049.pdf","\n\nWer will, dass die Menschen vom Auto auf den öffentlichen Personennahverkehr und insbesondere auf die Bahn umsteigen, muss die Ticketpreise massiv senken – bis hin zum Nulltarif – und massiv in den Ausbau von ÖPNV und Bahn investieren.\n\n({0})"
"1075920","Bernd","Riexinger","DIE LINKE.","Member of Parliament","2022-09-06T00:00:00.000Z","https://dip21.bundestag.de/dip21/btp/20/20049.pdf","\n\nDem wird Ihr Haushaltsentwurf wieder einmal nicht gerecht.\n\n({0})"
"1075931","Bernd","Riexinger","DIE LINKE.","Member of Parliament","2022-09-06T00:00:00.000Z","https://dip21.bundestag.de/dip21/btp/20/20049.pdf","\n\nVielen Dank, dass Sie die Frage zugelassen haben. – Ich verstehe nicht, warum Sie das einander gegenüberstellen. Wir brauchen beides: Wir brauchen einen Ausbau des ÖPNV und billigere Ticketpreise. Deshalb verstehe ich jetzt nicht, warum Sie alle unsere Anträge auf eine Erhöhung der Regionalisierungsmittel – damit wird ja der Ausbau des ÖPNV finanziert – abgelehnt haben. Sie legen bei den Regionalisierungsmitteln im Haushalt eigentlich nix drauf. Das verstehe ich überhaupt nicht. Das widerspricht praktisch Ihrem Ziel, den ÖPNV auszubauen und die Investitionen zu erhöhen."
"1075939","Bernd","Riexinger","DIE LINKE.","Member of Parliament","2022-09-06T00:00:00.000Z","https://dip21.bundestag.de/dip21/btp/20/20049.pdf","\n\nVielen Dank. – Ich mache das mit den Nachfragen ja eigentlich gar nicht so oft. Von daher mache ich es halt heute mal gehäuft.\n\nMich würde bei den doch etwas großen Ankündigungen zum Klimaschutz eines interessieren: Wir hatten doch vom Expertenrat eine Benotung des Hauses mit „ungenügend“, was die Einhaltung der Klimaschutzziele im Verkehr betrifft. Der Expertenrat hat dann gesagt, er befasst sich gar nicht mehr mit den einzelnen Maßnahmen, weil sie völlig ungenügend sind. Insofern finde ich es schon irgendwie ein bisschen bedauernswert, dass Sie das als Grüner nicht kritisieren; denn offensichtlich bleibt da das Haus deutlich hinter den selbstgesteckten Klimaschutzzielen zurück. Wäre es nicht gerade Ihre Aufgabe als Grüne, da mal ein bisschen mehr nachzuhaken?\n\n({0})"
"1077972","Bernd","Riexinger","DIE LINKE.","Member of Parliament","2022-09-29T00:00:00.000Z","https://dip21.bundestag.de/dip21/btp/20/20057.pdf","\n\nFrau Präsidentin! Sehr geehrte Damen und Herren! Die Zukunft der Menschheit hängt nach einer aktuellen Studie des Club of Rome von fünf Kehrtwenden ab: Beendigung der Armut, Beseitigung der eklatanten Ungleichheit, Ermächtigung der Frauen, Aufbau eines für Menschen und Ökosysteme gesunden Nahrungsmittelsystems, Übergang zum Einsatz sauberer Energie. Das ist Nachhaltigkeit im umfassenden Sinne.\n\n({0})\n\nDamit umschreibt der Club of Rome prägnant, dass wir uns in einer geschichtlichen Phase multipler Krisen des Kapitalismus befinden, die sich gegenseitig verschränken und verschärfen.\n\n({1})\n\nOhne eine radikale Änderung der Wirtschafts- und Lebensweise werden diese Krisen nicht gelöst werden.\n\n({2})\n\nWir wissen, dass wir nur noch 15 Jahre Zeit haben, um die Weichen radikal umzustellen.\n\nFür den Club of Rome ist Gleichheit und Gerechtigkeit der Königsweg für eine lebenswerte Zukunft, also ungefähr das pure Gegenteil von dem, was die Ampelregierung macht und die größte Oppositionspartei gemacht hat. Von einer Beendigung der weltweiten Armut kann keine Rede sein; aber die bisherige Politik schafft es nicht einmal in einem der reichsten Länder der Welt, Armut und Kinderarmut erfolgreich zu bekämpfen.\n\n({3})\n\nDie Ungleichheit ist während der Pandemie noch größer geworden. Sie schaffen es nicht einmal, eine lächerliche Übergewinnsteuer auf den Weg zu bringen oder in irgendeiner Form Reiche und Vermögende an den Kosten der Krisen zu beteiligen. Von der Forderung des Club of Rome, dass die reichsten 10 Prozent die Investitionen für Klimaschutz aufbringen müssen, sind Sie weiter entfernt als die Erde vom Mond. Statt die Menschen zu entlasten, die es dringend benötigen, machen Sie ein Inflationsausgleichsgesetz, bei dem die am meisten entlastet werden, die ohnehin die höchsten Einkommen haben.\n\n({4})\n\nWir sind eines der wirtschaftlich stärksten Länder, bei denen die Frauen immer noch durchschnittlich 20 Prozent weniger verdienen als die Männer. Wann wird endlich der Grundsatz „Gleicher Lohn für gleichwertige Arbeit“ eingelöst?\n\n({5})\n\nBeim Übergang zum Einsatz sauberer Energien hat Deutschland längst seine Vorreiterrolle verloren. Statt der Forderung von Fridays for Future nachzugehen, nämlich einen Klimaschutzfonds mit einem Umfang von 100 Milliarden Euro einzurichten, rüsten Sie lieber die Bundeswehr um 100 Milliarden Euro auf. Sie schaffen es nicht einmal, bei Energieknappheit ein Tempolimit zu verabschieden. Von einer nachhaltigen Mobilitätswende, die diesen Namen verdient, ganz zu schweigen.\n\nFür einen sozial-ökologischen Systemwechsel müssen Gerechtigkeit und Klimagerechtigkeit zusammen gedacht werden. Dazu sind wir bereit.\n\nDanke schön.\n\n({6})"
"1080887","Bernd","Riexinger","DIE LINKE.","Member of Parliament","2022-11-10T00:00:00.000Z","https://dip21.bundestag.de/dip21/btp/20/20066.pdf","\n\nSehr geehrte Präsidentin! Sehr geehrte Damen und Herren! Der jetzige Tagesordnungspunkt hätte die Überschrift verdient: Union und AfD gegen eine nachhaltige und klimagerechte Zukunft.\n\n({0})\n\nDie Entscheidung für den Elektroantrieb ist doch längst gefallen. Es ist gut, dass nun endlich von der europäischen Ebene das überfällige Orientierungssignal zum Antrieb der Zukunft gegeben wurde. Die wirklich wichtige Debatte, die wir dringend führen müssen, ist doch eine andere: Wie kommen wir schnell zu einer nachhaltigen Mobilitätswende?\n\n({1})\n\nWie oft muss man es noch sagen? Ein Antriebswechsel ist keine nachhaltige Verkehrswende. Dafür brauchen wir einen massiven Ausbau von Elektrobussen, Kleinbussen, Ruftaxis und der Bahn – mit günstigen Tickets bis hin zum Nulltarif. Es muss garantiert werden, dass alle Menschen mobil sind, ohne ein Auto besitzen zu müssen.\n\n({2})\n\nAuch über die zukünftige Bedeutung des Autos in einem klimagerechten Zukunftskonzept muss diskutiert und gestritten werden. Dabei mache ich mir große Sorgen über die Entscheidung des Managements der Premiumhersteller, noch größere, noch PS-stärkere, teurere und ressourcenfressende Autos zu bauen, weil sie höhere Profitraten abwerfen.\n\n({3})\n\nEs macht aber ökologisch keinen Sinn, in einen tonnenschweren SUV eine 700-Kilo-Batterie einzubauen. Das sichert weder Arbeitsplätze, noch schützt es das Klima.\n\n({4})\n\nEs ist und bleibt eine Tatsache, dass E‑Fuels deutlich, um das Fünf- bis Sechsfache, ineffizienter sind als der Antrieb mittels Batterie. Dazu kommt, dass es die dafür erforderlichen erneuerbaren Energien auf absehbare Zeit nicht geben wird. Deswegen müssen wir die knappen E‑Fuels dort einsetzen, wo es keine Alternative gibt, und das sind Luft- und Seeverkehr, Schwertransporte usw. und vielleicht auch noch Bestands-Pkw.\n\n({5})\n\nBei den Arbeitsplätzen, liebe Union, scheint Ihnen entgangen zu sein, dass bereits heute massenhaft Stellen vernichtet werden, trotz Rekordgewinnen der großen Automobilkonzerne. Namhafte Zulieferer haben ihre Produktionsstandorte bereits nach Osteuropa verlagert und Tausende von Arbeitsplätzen vernichtet. Wo standen Sie da mit den Beschäftigten vor den Werkstoren? Wo war da Ihre öffentliche Besorgnis? Ich habe nichts gesehen.\n\n({6})\n\nDie Elektromotorisierung stellt zukünftig bis zu 200 000 Arbeitsplätze in Deutschland infrage. Deshalb müssen nicht nur bestehende Arbeitsplätze geschützt, sondern neue geschaffen werden."
"1080889","Bernd","Riexinger","DIE LINKE.","Member of Parliament","2022-11-10T00:00:00.000Z","https://dip21.bundestag.de/dip21/btp/20/20066.pdf","\n\nDie Verdoppelung der Fahrgastzahlen im ÖPNV und der Ausbau der Bahn würden bis zu 400 000 neue Arbeitsplätze im industriellen Bereich schaffen."
"1080891","Bernd","Riexinger","DIE LINKE.","Member of Parliament","2022-11-10T00:00:00.000Z","https://dip21.bundestag.de/dip21/btp/20/20066.pdf","\n\nJa."
"1080893","Bernd","Riexinger","DIE LINKE.","Member of Parliament","2022-11-10T00:00:00.000Z","https://dip21.bundestag.de/dip21/btp/20/20066.pdf","\n\nDeswegen lehnen wir Ihre rückwärtsgewandten und weder klima- noch arbeitsplatzfreundlichen Anträge ab.\n\n({0})"
"1081515","Bernd","Riexinger","DIE LINKE.","Member of Parliament","2022-11-21T00:00:00.000Z","https://dip21.bundestag.de/dip21/btp/20/20068.pdf","\n\nSehr geehrte Frau Präsidentin! Sehr geehrte Damen und Herren! Der vorgelegte Verkehrshaushalt ist das in Zahlen gegossene Scheitern der\n                    vielbeschworenen Verkehrswende.\n\n({0})\n\nDer vorgelegte Haushalt für Verkehr und Digitales ist vor dem Hintergrund der vor uns liegenden Herausforderungen mutlos, kraftlos und überwiegend\n                    ziellos. Deshalb werden wir ihn ablehnen.\n\n({1})\n\nDeutschland ist im Ranking beim Klimaschutz-Index zurückgefallen. In den Punkten „Erneuerbare Energien“, „Energienutzung“ und „Klimapolitik“ reicht es\n                    nur für ein „mäßig“. Hauptgründe für die insgesamt schlechtere Bewertung sind der verlangsamte Ausbau von erneuerbaren Energien und der hohe Anstieg der\n                    Emissionen im Verkehrssektor. Das ist weder klimagerecht noch sozial. Wir wissen doch, dass es die Menschen mit geringen und mittleren Einkommen sein werden,\n                    die am meisten unter den Auswirkungen des Klimawandels leiden müssen.\n\nEinen wirklichen Fortschritt sucht man im Verkehrssektor bei der selbsternannten Fortschrittskoalition vergeblich. Die Erhöhungen bei der Schiene\n                    reichen bei Weitem nicht aus, um den jahrelang angehäuften Investitionsstau zu beheben.\n\n({2})\n\nUnter dem Druck des von uns unterstützen Protestes von Gewerkschaften und Verbänden haben Sie einige vorgesehene Kürzungen beim Schienengüterverkehr\n                    wieder zurückgenommen. Gut so!\n\n({3})\n\nUm das angestrebte Ziel, den Güterverkehr mit der Bahn auf 25 Prozent zu erhöhen, zu erreichen, müsste jedoch geklotzt und dürfte nicht gekleckert\n                    werden.\n\n({4})\n\nDas 49‑Euro-Ticket ist ein richtiger Schritt in die richtige Richtung, aber leider wieder nur ein halbherziger. Es ist eine Verbesserung für alle, die\n                    schon jetzt regelmäßig den ÖPNV nutzen. Es ist aber zu weit weg vom 9‑Euro-Ticket, um viele Menschen zum Umstieg auf den ÖPNV zu bewegen. Genau das müsste aber\n                    das Ziel sein! Enttäuschend ist, dass es keinerlei soziale Komponente gibt. Es hätte doch nicht die Welt gekostet, Menschen ohne oder mit geringem Einkommen ein\n                    29‑Euro-Ticket zur Verfügung zu stellen oder gar einen Einstieg in einen kostenfreien Nahverkehr zu wagen. Das wäre klimapolitisch richtig, und das wäre im\n                    Übrigen auch sozial, meine Damen und Herren.\n\n({5})\n\nAußerdem werden Millionen Menschen ausgeschlossen, wenn es das Ticket nur in digitaler Form und im Abo gibt. Das sollten Sie dringend überdenken.\n\n({6})\n\nWenn ich es richtig sehe, haben Sie die angekündigten Mittel für das 49‑Euro-Ticket noch nicht einmal in den Haushalt eingestellt.\n\n({7})\n\nDas ist ja fast schon Sabotage an der Schmalspurversion einer „der besten Ideen der Koalition“, wie Kanzler Scholz das 9‑Euro-Ticket nannte.\n\n({8})\n\nSie haben Sorge dafür zu tragen, dass der Verkehrssektor endlich seinen Beitrag zum Klimaschutz leistet.\n\n({9})\n\nMir ist es ein absolutes Rätsel, wie Sie auf dem Weg, den Sie mit diesem Haushalt beschreiten, die im Koalitionsvertrag beschriebenen Ziele erreichen\n                    wollen. Es wird keine klare Priorität für den Ausbau der Bahn und des ÖPNV gesetzt. Von allem gibt es etwas, aber nirgendwo werden klare Pflöcke eingerammt. Sie\n                    sind gefesselt in der gerade im Verkehrsbereich nicht funktionierenden marktwirtschaftlichen Logik, und schon gar nicht wollen Sie sich mit der mächtigen\n                    Automobillobby anlegen. Leider werden Sie so auch beschäftigungspolitisch die Weichen in die falsche Richtung stellen.\n\nDiese Woche erreichte uns die Meldung, dass Mercedes mit seiner Luxuslimousinenstrategie in China eingebrochen ist. Chinesische Hersteller machen sich\n                    daran, mit E‑Autos den europäischen Markt zu erobern. Die Wirklichkeit nähert sich den Vorhersagen, dass allein die Elektromotorisierung 200 000 Arbeitsplätze\n                    kosten wird. Die Umsetzung einer sozial-ökologischen Mobilitätswende zusammen mit einer vernünftigen Industrie- und Strukturpolitik hätte ohne Weiteres das\n                    Potenzial, die gefährdeten Arbeitsplätze zu sichern und sogar noch zusätzliche Arbeitsplätze zu schaffen.\n\n({10})\n\nAnstatt zum Beispiel die Produktion von E-Bussen und Minibussen zu forcieren, will der einzige noch übrig gebliebene Busproduzent EvoBus den Bau der\n                    Karosserien verlagern und so mindestens 1 600 Arbeitsplätze in Mannheim vernichten.\n\n({11})\n\nFür eine nachhaltige Verkehrswende werden jedoch emissionsfreie und vor allem kleinere Busse dringend gebraucht.\n\n({12})\n\nHersteller außerhalb von Deutschland haben das längst erkannt.\n\nAuch beim Lieblingsthema der FDP, der Digitalisierung, setzt die Ampel weiter auf den Markt."
"1081517","Bernd","Riexinger","DIE LINKE.","Member of Parliament","2022-11-21T00:00:00.000Z","https://dip21.bundestag.de/dip21/btp/20/20068.pdf","\n\nLetzter Satz, Frau Präsidentin. – Im Haushalt für 2023 gibt es trotz einiger kleinerer Verbesserungen keine sichtbare Kehrtwende gegenüber der\n                    vorherigen Koalition. So wird das nichts, meine Damen und Herren!\n\n({0})"
"1082716","Bernd","Riexinger","DIE LINKE.","Member of Parliament","2022-12-01T00:00:00.000Z","https://dip21.bundestag.de/dip21/btp/20/20073.pdf","\n\nFrau Präsidentin! Meine Damen und Herren! Das Freihandelsabkommen CETA endgültig zu ratifizieren, ist ein großer Fehler.\n\n({0})\n\nHunderttausende haben gegen CETA demonstriert. Umweltverbände, Gewerkschaften und Sozialverbände warnen vor den Folgen. Ihre Stimmen bleiben ein\n                    weiteres Mal von dieser Regierung ungehört.\n\nUm was geht es? 2017 ist CETA, das Handelsabkommen zwischen der EU und Kanada, zu großen Teilen in Kraft getreten. Es wurde von der Großen Koalition\n                    nicht vollständig ratifiziert. Das geschieht nun ausgerechnet unter der Führung eines grünen Wirtschaftsministers. Ich erinnere mich gut an die große\n                    Demonstration 2016 in Berlin mit 250 000 Teilnehmerinnen und Teilnehmern. Auf der Rednerbühne stand neben mir Anton Hofreiter, der laut und deutlich dazu\n                    aufrief, CETA zu stoppen.\n\n({1})\n\nÜbrigens hat er damals recht gehabt, aber heute gelten ja andere Kriterien.\n\nDamals gab es den Konsens, dass wir eine andere Form des Welthandels wollen. Ein Regierungsjahr später soll mit Ihrer Zustimmung CETA ratifiziert\n                    werden.\n\n({2})\n\nUnd das, obwohl Sie genau wissen, dass der CETA-Investitionsschutz, der nun vollständig wirksam werden soll, Demokratie-, Klima- und Sozialstandards\n                    gefährden wird! Und machen Sie sich doch nichts vor: Ihre Interpretationserklärung, mit der Sie sich CETA schönreden, ist rechtlich nichts wert.\n\n({3})\n\nAm rechtlichen Rahmen von CETA, den insbesondere die Grünen zu Recht massiv kritisiert haben, hat sich nichts, aber auch gar nichts geändert.\n\n({4})\n\nMit der endgültigen Ratifizierung machen Sie den Weg frei für weitere Sonderrechte für Konzerne. Gegen Gesetze, zum Beispiel für höhere soziale\n                    Standards oder für Klima- und Umweltschutz, die hier demokratisch beschlossen werden, kann so von international agierenden Konzernen vor einer\n                    Sondergerichtsbarkeit, also einer auf Konzerninteressen abgestimmten Paralleljustiz, geklagt werden.\n\nDer Energiekonzern Uniper verklagt gerade den niederländischen Staat vor einem Schiedsgericht. Der Konzern fordert knapp 1 Milliarde Euro,\n\n({5})\n\nweil die Regierung in den Niederlanden bis 2030 aus der Kohle aussteigen will.\n\n({6})\n\n– Natürlich. Ich sage ja nur, dass es diese Klagen gibt. Die werden weiterhin möglich sein. Weiterhin gibt es Sondergerichte. Ich weiß gar nicht, wie\n                    Sie darauf kommen, dass diese Klagen nicht mehr möglich sein sollen.\n\nLaut Greenpeace würden mindestens 360 kanadische Unternehmen durch CETA Sonderklagerechte gegen Deutschland bekommen. Dazu kommen noch US-Konzerne\n                    über ihre kanadischen Tochtergesellschaften. Schon jetzt ist klar, dass Sie offensichtlich den Weg des ungebremsten Freihandels weitergehen wollen. Auch das\n                    Abkommen mit den USA wird von Ihnen wieder aus der Mottenkiste hervorgeholt. Das haben wir ja gerade gehört. Die Ratifizierung des Mercosur-Abkommens steht kurz\n                    bevor. Die Grünen haben ihren Widerstand gegen den neoliberalen Freihandel offensichtlich vollends aufgegeben.\n\nWir Linke lehnen derartige Abkommen weiterhin konsequent ab.\n\n({7})\n\nWir stehen für eine Neuausrichtung der EU-Handelspolitik.\n\n({8})\n\nArbeitnehmer-, Klima- und Verbraucherschutz müssen Vorfahrt haben. Einen weiteren Ausverkauf sowie eine auf Konzerninteressen zugeschnittene\n                    Paralleljustiz darf es nicht geben.\n\nVielen Dank.\n\n({9})"
"1083977","Bernd","Riexinger","DIE LINKE.","Member of Parliament","2022-12-15T00:00:00.000Z","https://dip21.bundestag.de/dip21/btp/20/20076.pdf","\n\nFrau Präsidentin! Sehr geehrte Damen und Herren! Wenn wir jetzt in den kommenden Weihnachtstagen Schokolade essen, essen wir oft genug Süßigkeiten, die mit Kinderarbeit hergestellt wurden. An dem Diamanten in der geschenkten Halskette klebt Blut. Das ist die bittere Realität.\n\n({0})\n\n– Entschuldigung, reden Sie doch nicht von Sachen, von denen Sie nichts verstehen.\n\n({1})\n\nDie CDU/CSU will die Einführung des Lieferkettengesetzes bis 2025 aussetzen – verbunden mit der Forderung, dass die geplante EU-Sorgfaltspflichtenrichtlinie nicht über die deutschen Standards hinausgehen dürfe. Dieser Versuch, die Uhr zurückzudrehen, kann nur mit aller Entschiedenheit zurückgewiesen werden.\n\n({2})\n\nAllein die Tatsache, dass aktuell nur 1 Prozent der Betriebe sicher den Nachweis erbringen kann,\n\n({3})\n\ndass ihre Lieferketten sauber sind, macht überdeutlich, warum dieses Gesetz nötig ist.\n\nIch will Ihnen gern die Gründe ins Bewusstsein rufen, warum es das Gesetz gibt. Führende Einzelhandelsketten lassen ihre Textilien, die für ein paar Euro verramscht werden, in Bangladesch produzieren. In der Coronakrise mussten die Textilarbeiterinnen monatelang für ihre nicht gezahlten Löhne streiken. Die deutschen Auftraggeber haben keinerlei Anstrengungen unternommen, ihre Dienstleister in Bangladesch zum Einlenken zu bewegen.\n\nFührende Textilhändler lassen auch gerne in Ländern wie Serbien, Kroatien oder Bulgarien herstellen. Laut einer Untersuchung von Brot für die Welt und anderen sind dort Lohndiebstahl, der Diebstahl von Urlaubstagen, illegale Entlassungen, zum Beispiel im Krankheitsfall, oder auch Entlassungen, wenn Beschäftigte sich wehren, eher die Regel als die Ausnahme.\n\nOder wenden wir uns der Tilenga-Pipeline in Uganda zu. Um den Energiehunger der Länder des globalen Nordens mit fossilen Brennstoffen zu befriedigen, werden über 100 000 Menschen aus ihrer Heimat vertrieben, wird die ökologische Vielfalt zerstört und das Trinkwasser für Millionen von Menschen in Uganda und Tansania gefährdet. Die einzige Chance, dieses Projekt noch zu verhindern, ist das französische Lieferkettengesetz, das den Betroffenen ermöglicht, den Mutterkonzern direkt in Frankreich zu verklagen.\n\nDas sind nur drei konkrete Beispiele aus einer sehr langen Liste von verbrecherischem und profitgetriebenem Handeln. Darum ist ein starkes Lieferkettengesetz nötig.\n\n({4})\n\nDarum begrüßen wir den Vorschlag der EU, dass dort höhere und strengere Richtlinien gelten sollen."
"1083979","Bernd","Riexinger","DIE LINKE.","Member of Parliament","2022-12-15T00:00:00.000Z","https://dip21.bundestag.de/dip21/btp/20/20076.pdf","\n\nEinen Satz noch. – Gerade in der Krise zeigt sich, ob wir es mit den vielen Bekenntnissen zum Schutz unseres Planeten und der Menschen, die auf ihm leben, ernst meinen. Deswegen darf das Lieferkettengesetz keinesfalls ausgesetzt werden.\n\nDanke schön.\n\n({0})"
"1084024","Bernd","Riexinger","DIE LINKE.","Member of Parliament","2022-12-15T00:00:00.000Z","https://dip21.bundestag.de/dip21/btp/20/20076.pdf","\n\nSehr geehrte Frau Präsidentin! Sehr geehrte Damen und Herren! Die große Chance, mit der Änderung des Regionalisierungsgesetzes einen wirklichen Sprung nach vorn zu machen für eine nachhaltige Mobilitätswende, haben Sie leider nicht ergriffen. 1 Milliarde Euro mehr plus eine 3-prozentige Dynamisierung reichen gerade einmal aus, um die gestiegenen Kosten zu decken, nicht aber für einen zügigen Ausbau des ÖPNV. Genau das hätte es jedoch gebraucht: Geld dafür, dass mehr Busse und Kleinbusse auf dem Land in deutlich kürzeren Taktzeiten fahren,\n\n({0})\n\ndass der ÖPNV eine attraktive und kostengünstige Alternative zum Individualverkehr wird, dass Arbeitsplätze bei der Bahn und den ÖPNV-Betrieben begehrt sind, weil Löhne und Arbeitsbedingungen stimmen.\n\n({1})\n\nDann hätten Sie zu Recht Beifall bekommen von den vielen jungen Menschen, die für Klimagerechtigkeit auf die Straße gehen, und von Millionen Menschen, die das 9‑Euro-Ticket – wie der Bundeskanzler – für eine gute Idee gehalten haben. Für das, was Sie hier vorlegen, haben Sie keinen Beifall verdient.\n\nDas Umweltbundesamt sieht einen zusätzlichen Finanzbedarf von 11 bis 15 Milliarden Euro pro Jahr für den ÖPNV. Es reicht eben nicht aus, das zur Kenntnis zu nehmen; Sie müssen auch endlich in die Pötte kommen.\n\n({2})\n\nDer Bund muss bei den Regionalisierungsmitteln klotzen und darf nicht länger kleckern. Die Konzepte für eine nachhaltige Mobilitätswende liegen längst auf dem Tisch. Auf keinen Fall darf die Verkehrswende am Personalmangel scheitern. Das droht jedoch, wenn nicht schnellstens die Arbeitsbedingungen verbessert und die Löhne erhöht werden.\n\n({3})\n\nEs kann sogar passieren, dass es im nächsten Jahr zu Abbestellungen von Verkehren kommt, weil die bereitgestellten Mittel die gestiegenen Kosten nicht ausreichend abdecken. Das muss doch verhindert werden.\n\n({4})\n\nWir bleiben dabei, dass das 49‑Euro-Ticket nur die zweitbeste Lösung ist. Der Anreiz zum Umsteigen wäre bei dem von uns geforderten 29‑Euro-Ticket bei Weitem größer gewesen. Auch hier wurde eine Chance verpasst.\n\nWas mich nachhaltig ärgert, ist, dass Sie keine soziale Komponente eingebaut haben.\n\n({5})\n\n– Genau. Ich habe das vorausschauend in mein Manuskript aufgenommen.\n\n({6})\n\nDer lapidare Hinweis, dass es die Länder ja machen können, ist wirklich mehr als ärgerlich.\n\n({7})\n\nDass Sie Menschen ohne eigenes Einkommen keinen Nulltarif, nicht einmal einen reduzierten Fahrpreis zugestehen, ist einfach nur kleinkariert.\n\n({8})\n\nWir werden Sie im Übrigen nicht in Ruhe lassen, solange da nicht nachgebessert wird.\n\nWir werden heute der Änderung des Regionalisierungsgesetzes zustimmen, auch wenn es eben nur eine Verbesserung im Schneckentempo ist."
"1084026","Bernd","Riexinger","DIE LINKE.","Member of Parliament","2022-12-15T00:00:00.000Z","https://dip21.bundestag.de/dip21/btp/20/20076.pdf","\n\nBesinnliche Feiertage allen und einen guten Rutsch ins neue Jahr! Möge es auch verkehrspolitisch und klimapolitisch besser werden als das jetzige!\n\nDanke schön.\n\n({0})"
